Comp_BinY,n,power_wh_empirical_dist,power_wh_naive_dist,power_wh_VCO1,power_wh_VCO2,power_wh_VCO3,power_wh_VCO4,power_wh_VCO5,power_wh_VCO6,power_wh_VCO7,power_wh_VCO8,power_wh_VCO9,scena
2,500,0.08324335202605014,0.2507506802001328,0.12503210014877855,0.1007935305955862,0.10173734921687468,0.12083408135198538,0.11603394321862852,0.11347516229736246,0.11394072253479914,0.12299864124160814,0.12046993454808141,1
3,500,0.08297921130818718,0.24951309954713757,0.12511189716155152,0.1004954346294648,0.10144459678593623,0.12075499054525318,0.1158521397002861,0.11324596232285909,0.11372212777957674,0.12299124517927353,0.12038028173937529,1
4,500,0.08305625739848138,0.24989848773788678,0.12526864139512203,0.10060395610258116,0.10155411405397557,0.12090304756649815,0.11599052163056033,0.1133792028537798,0.11385530521323992,0.12314376598355675,0.12052762729625972,1
2,1000,0.1263073747015614,0.4455662589409473,0.2079280495486228,0.16030550446604314,0.1621501430245095,0.19965856738492324,0.19020797077070625,0.18517425056235207,0.18608984558330383,0.20392218142450874,0.19894138085087099,1
3,1000,0.125801339578028,0.4433887729953724,0.20808525174500217,0.15972315461399622,0.1615778430415422,0.1995027956215401,0.18985020834110494,0.1847235423692306,0.18565992957666377,0.20390761194994078,0.19876481451878947,1
4,1000,0.12594892144282954,0.4440672848708569,0.20839404216660964,0.1599351435635152,0.16179192393861003,0.1997943995716226,0.19012252208488037,0.18498554803642456,0.18592184974246667,0.20420806330750638,0.19905500459125364,1
2,500,0.2561430175668982,0.3044036675938891,0.2878220763287419,0.2787929841896236,0.27947634400414795,0.28958915588180345,0.28158313354719255,0.29078654974967155,0.29083399840196134,0.29228110429069504,0.2910621794935562,2
3,500,0.24281443050941687,0.2901302762188891,0.2875177619348851,0.26553147800957133,0.2663844763376507,0.27908406402522856,0.2689207550560984,0.27963606192296386,0.2799661180560128,0.28455101929573534,0.28055001785890354,2
4,500,0.2399227081761161,0.2906102645078791,0.28616886071447567,0.26287558685184065,0.2636635937741453,0.2768135411015847,0.26629977858169407,0.2774831122516678,0.27763141403236075,0.282710265415151,0.27842440603022695,2
2,1000,0.4550064967726593,0.5359073249275416,0.5088572944441528,0.4937949530902205,0.494943035971969,0.5117778814286337,0.4984742415240531,0.5137518007470963,0.5138299353903213,0.5162097941548486,0.5142055950941586,2
3,1000,0.43153309709160725,0.5126704366353655,0.5083534259052215,0.4712558648702003,0.47272030081285527,0.4942841449210575,0.4770627631257296,0.4952111807051705,0.495765071534691,0.5034273477975078,0.49674420019640886,2
4,1000,0.426379296975012,0.5134614514810559,0.5061167871499861,0.4666834220767776,0.46804208736675706,0.49046193986117037,0.4725749803661715,0.49159060892253653,0.49184042443607406,0.5003582646775373,0.4931751734144936,2
2,500,0.27975156582902155,0.3146376862410053,0.3000279453906702,0.29732128663721735,0.2961805303417285,0.2794778373245038,0.29838408937166133,0.30593780832738765,0.30582288139383684,0.3015442099248278,0.3058343041908078,3
3,500,0.22999524566704915,0.30786694446281615,0.2268371815906204,0.22997217348969745,0.22997582266128583,0.23034434119636304,0.22999107464256147,0.2290396270751089,0.2290386803417024,0.2295780865196652,0.22907040313789073,3
4,500,0.18576811318691788,0.3087274648592441,0.18525066053520942,0.18600774487275193,0.1859583149327659,0.18598831369242785,0.18600541685767202,0.1858747570981259,0.185705980633579,0.18597565039325123,0.18588476319598188,3
2,1000,0.4954050511420579,0.5522006653087658,0.5288467835656617,0.5244513873632398,0.522592501204623,0.49494554338854135,0.5261798395675453,0.538369476196474,0.5381852690288189,0.5312997312586967,0.5382035794529626,3
3,1000,0.4085251270410461,0.5414557303581187,0.40279430904232255,0.408483347162555,0.4084899552927288,0.4091571215850805,0.40851757410564005,0.40679356900701646,0.4067918524409083,0.40776951963220565,0.4068493693165665,3
4,1000,0.32621452807724044,0.5428288638781089,0.3252276253620423,0.3266713962032264,0.3265771644820115,0.32663435372998706,0.32666695824693504,0.3264178622357786,0.32609605257844954,0.32661021278063096,0.3264369394418657,3
2,500,0.12927330376594837,0.28451280427401604,0.13881613443301247,0.11073790090513826,0.11182880308247659,0.13394556822795253,0.1283796136183448,0.12541420598615574,0.12595366063439445,0.13645660631448994,0.13352319890410047,4
3,500,0.1274839191426876,0.27884840408224504,0.1371595712054251,0.10914073220469393,0.11021889887140635,0.13219350095350918,0.12660812425816997,0.12364061440951486,0.12418271503549631,0.13474213581673525,0.13176651147558546,4
4,500,0.12773422066835283,0.27953059817316706,0.1374396384254487,0.10933659339600516,0.11041700662194483,0.13245843974686633,0.12685617242648253,0.1238796963307692,0.12442229201703045,0.13501484353781162,0.13203019050417683,4
2,1000,0.21628288299912624,0.5033637301911308,0.23506511397618082,0.17979388692465753,0.18193753914292454,0.2254830999284372,0.21452253432657423,0.20868080848593373,0.20974354766799597,0.23042453228735937,0.22465167820851323,4
3,1000,0.21275812802249783,0.4938881107922966,0.23180737986161223,0.17665708821310064,0.1787743520055091,0.2220338073866424,0.21103284603277578,0.20518682311169392,0.2062547495304267,0.22705093694818296,0.22119304556651964,4
4,1000,0.2132511999915351,0.4950341294585953,0.23235825025242388,0.1770416402621048,0.1791634925694728,0.2225554566714886,0.21152149710202375,0.20565780679622073,0.2067267165938626,0.22758763357888423,0.2217122479293063,4
2,500,0.47718078631112304,0.495577514278214,0.4698461068184749,0.45558982336215786,0.45667472814007504,0.47261620804128107,0.4600133948811205,0.47448950845043875,0.47456367840285246,0.47682344418349326,0.4749202958157347,5
3,500,0.3597618948796455,0.3691772350825991,0.3658480925372627,0.3376688244744993,0.3387673114934975,0.3550725535152228,0.34203109850254093,0.35577913752604723,0.3562015386376252,0.362062467622861,0.35694864598266696,5
4,500,0.35895266653885405,0.37160110026137516,0.3659143592885502,0.3358911928204047,0.33691211596227233,0.3538954268146842,0.3403249056015335,0.35475742666583693,0.35494831212868494,0.361477370028614,0.35596877783729153,5
2,1000,0.7684024028948924,0.7878314300775735,0.7603755297354005,0.7443126199875543,0.7455564984063632,0.7634259403719323,0.7493621414347994,0.7654758019725472,0.7655567468675538,0.7680150587490068,0.7659457096722471,5
3,1000,0.6202996666809304,0.6337291367550884,0.629011625288793,0.5877265289710559,0.589381095600666,0.6135100599538351,0.5942755431811159,0.6145374013366682,0.615150826529744,0.6236060788306667,0.6162344687455418,5
4,1000,0.6191327911715564,0.6371425013810723,0.6291058583091482,0.5850412917336154,0.5865846348806311,0.6117951911239036,0.5917209217827809,0.613051388912992,0.6133292612195752,0.622766702089752,0.6148128707180133,5
2,500,0.5135751524740294,0.5259731191666963,0.5032547243467217,0.4989886971536412,0.4971854288408388,0.4704272664689293,0.5006659158620967,0.512507611962915,0.5123284862191354,0.5056367937929644,0.5123462912981032,6
3,500,0.23853189679292247,0.32197566282429546,0.23689710592997587,0.2401960650650563,0.24019990482106476,0.2405876665452606,0.24021595335693993,0.23921479359836714,0.23921379737728507,0.23978139239998308,0.2392471783648603,6
4,500,0.19300290489894434,0.32200655398152284,0.19261441224999304,0.19340973370008446,0.19335780761490395,0.19338932127730263,0.19340728812449776,0.1932700301101824,0.19309273000636845,0.19337601849835495,0.19328054152334007,6
2,1000,0.8058742841846284,0.8177548745502878,0.7956439149036219,0.7913240966772239,0.789482018787446,0.7610174001998455,0.7930288346053135,0.8048304592816842,0.8046549880517777,0.7980328118256292,0.8046724340514969,6
3,1000,0.4238929019777252,0.5636920734105505,0.4209640644218642,0.4268674059733134,0.4268742609248741,0.4275663213881834,0.42690291127962315,0.4251143518251281,0.42511257081728243,0.426126887276231,0.42517224675879484,6
4,1000,0.3399606502278615,0.5637401100581888,0.3392250528312113,0.34073065031913874,0.34063238847507116,0.34069202369150414,0.34072602257557805,0.3404662715126054,0.3401306890170386,0.3406668502728227,0.3404861649223497,6
2,500,0.08373496863608826,0.25044328151126827,0.12490706926216404,0.10070312878056688,0.10164562128800782,0.12071511910315087,0.11592188903719261,0.11336677534261859,0.11383166918512869,0.12287655284224508,0.12035149757224535,7
3,500,0.08346049497634254,0.2491699522319563,0.12497140533857823,0.10039441721076368,0.10134208301636836,0.12062156928587886,0.11572663834149613,0.11312465305439724,0.11360005357980778,0.12285419837769426,0.12024746721004319,7
4,500,0.08354011626814228,0.24956306402033776,0.12513130510329296,0.10050521967391744,0.10145391571355532,0.12077262524636846,0.11586784375238687,0.11326062423319103,0.11373598017055842,0.12300979839735887,0.12039779821662919,7
2,1000,0.12724975003134137,0.4450257773299655,0.20768173564666023,0.1601288851537664,0.16197081202121977,0.19942426812310948,0.18998746286098037,0.1849611099736738,0.18587536397807114,0.2036816807582328,0.19870812607670466,7
3,1000,0.12672352680114127,0.4427843010954229,0.20780847925372029,0.15952583963302006,0.1613774673658285,0.19924002153927955,0.18960324946487322,0.184485008127123,0.18541985547195575,0.20363764511919352,0.19850324710420078,7
4,1000,0.12687615479496342,0.4434767621795895,0.20812348590851684,0.15974226830109964,0.16159605874367647,0.1995375275850799,0.1898811109714613,0.184752373171877,0.18568717259275466,0.20394415987403136,0.19879931211684898,7
2,500,0.2576809534703531,0.30514773121243244,0.2885232510123112,0.2794703791578828,0.2801555487599908,0.2902949502720315,0.2822679076293463,0.29149546800433057,0.29154304033597783,0.2929939142401116,0.2917718160868408,8
3,500,0.2440077785489913,0.2904935491792867,0.2878775262909486,0.26586122972562054,0.26671540787833187,0.27943241622563897,0.2692551875757561,0.2799851649916722,0.28031566983246325,0.2849067839400507,0.2809003629647525,8
4,500,0.24128659390463372,0.2911948683546497,0.2867438782452837,0.26339940240178494,0.2641891655565608,0.277368176200835,0.26683121389263237,0.278039214496154,0.27818784106016814,0.28327777728133263,0.27898256866582816,8
2,1000,0.4576846783879208,0.5371023406992812,0.5100172527994635,0.4949330204061494,0.49608282949917715,0.5129418922481697,0.49961928534492184,0.5149185145210189,0.5149967555573466,0.5173798329416807,0.5153729261448401,8
3,1000,0.4336536865517411,0.513269167113766,0.5089490771023664,0.4718222230866794,0.4732879083270817,0.4948692745366323,0.47763403143809563,0.49579702615216753,0.49635134317846635,0.5040193990449293,0.49733122248536304,8
4,1000,0.42881276582406747,0.5144239747395424,0.5070708719597069,0.46758676313788655,0.4689473234847457,0.49139695561972346,0.47348646536543376,0.49252704790237145,0.49277717742230104,0.5013055045590395,0.49411359793562426,8
2,500,0.2789828685143772,0.314435193029906,0.299835229162551,0.2971304058638098,0.2959904253389875,0.2792992349234351,0.29819248700774365,0.3057411103345003,0.30562626049003827,0.30135046870843385,0.3056376756243703,9
3,500,0.23012503622726901,0.3080162943522453,0.22694341139480478,0.23008014222065398,0.23008379341375604,0.23045251606344286,0.23009905384403,0.22914707900653664,0.22914613174826545,0.2296858369039735,0.22917787213120833,9
4,500,0.18614288667451642,0.30937569779886787,0.18560911018407433,0.18636805818871716,0.1863185065844964,0.18634857918175704,0.18636572444362973,0.18623474308043303,0.1860655511716052,0.18633588471379597,0.18624477380762253,9
2,1000,0.494114101826812,0.5518812853091304,0.5285345343784789,0.5241406067836943,0.5222823534800767,0.49464560948248293,0.5258684767948079,0.5380541811012982,0.5378700310696057,0.5309866795969397,0.5378883358111868,9
3,1000,0.4087601318338965,0.5416942047850842,0.40298747431324333,0.4086788493450733,0.4086854601686746,0.40935289814069936,0.4087130902382888,0.4069883808405564,0.4069866635715298,0.4079647305750211,0.4070442039980404,9
4,1000,0.3269290035756721,0.5438618071860113,0.3259113241811956,0.3273581513265065,0.3272637203633376,0.3273210305352324,0.3273537039874173,0.3271040812159887,0.3267815906901178,0.3272968385424826,0.3271231987725719,9
2,500,0.1291175269149736,0.2842613103539431,0.1387129780404569,0.11066362270775423,0.11175341815690726,0.13384746686899973,0.12828727044783558,0.12532492102394877,0.12586381988270082,0.13635590050200766,0.13342553524678824,10
3,500,0.12732035979061654,0.27857831982198866,0.1370482326595093,0.10906097755531977,0.11013794624997324,0.13208781423108915,0.1265087720188745,0.12354461638889301,0.12408610491215377,0.13463355059758148,0.13166130989704808,10
4,500,0.12743967635986267,0.2789071417287207,0.13718259004630387,0.10915248526395557,0.11023013427419022,0.1322144436823533,0.12662680520416641,0.12365807544923864,0.12419926049078146,0.13476415364182026,0.1317873147356929,10
2,1000,0.21597605035080422,0.502944957351153,0.23486229376086024,0.1796479608263439,0.181789377751564,0.22528999606595695,0.21434063434186576,0.20850491460792372,0.20956655949249792,0.23022640799181174,0.22445942101527386,10
3,1000,0.21243592717372897,0.4934340325711795,0.23158837470755045,0.1765005082077229,0.17861534684355934,0.2218257103680573,0.21083712262363682,0.20499771137170547,0.20606442828426816,0.22683722970646739,0.22098589081003622,10
4,1000,0.21267097298373683,0.49398683598026477,0.23185265761413504,0.17668016312427406,0.17879642072636298,0.2220750431957331,0.21106964734006464,0.2052212206484338,0.20628734401099114,0.22709426978661962,0.22123400935762705,10
2,500,0.47709231055575885,0.495455330926198,0.4697283031876445,0.4554746519453949,0.45655935142770643,0.4724979096308524,0.459897391502559,0.47437087856845433,0.4744450354489803,0.4767044048735444,0.4748015900663216,11
3,500,0.3593787445972985,0.36883421550578604,0.36550795715223705,0.33735391889902877,0.33845139598531226,0.3547418960466812,0.34171219460537106,0.3554478519874388,0.3558698780700675,0.3617256373599864,0.3566163228960877,11
4,500,0.3548117217684051,0.3672106975273023,0.3615867357165335,0.331907354477733,0.3329162600917136,0.349702987302587,0.33628903905521407,0.3505551808572375,0.35074389705386877,0.3571992611075697,0.3517527800624205,11
2,1000,0.7683065342753534,0.7877056927394394,0.7602452965344645,0.7441803638875452,0.7454243838646814,0.7632961402351909,0.7492304754904552,0.7653463018826291,0.76542725877594,0.7678859405148114,0.7658162793954261,11
3,1000,0.6197474282012082,0.6332446330439055,0.6285277326749621,0.5872515379977241,0.5889056301780592,0.6130287760773576,0.593798729976965,0.6140559165895552,0.6146692237119608,0.6231229923284873,0.6157526607747478,11
4,1000,0.6131304376928848,0.6309465831812828,0.6229236767810653,0.5789887836243459,0.5805261043212071,0.6056532522422917,0.585643095608373,0.6069060513570996,0.6071831818312532,0.6165975922266318,0.6086628917801318,11
2,500,0.5154954494315144,0.5279599858463241,0.5051899897757169,0.5009135554850863,0.49910582148340243,0.47227687316107536,0.502594892302777,0.5144646793491557,0.5142851416716558,0.5075777733436629,0.5143029877148264,12
3,500,0.23853678964420966,0.32198173537908825,0.23690144686660972,0.24020047643462614,0.2402043162724885,0.24059208626125847,0.24022036515047418,0.23921918404012077,0.2392181877977823,0.2397857949280609,0.23925156949759638,12
4,500,0.192774790452263,0.32136588965454277,0.19225810180649056,0.19305157562249148,0.19299977014935854,0.19303121061263498,0.1930491357273402,0.19291219653712785,0.19273530829498406,0.1930179387329195,0.19292268353362704,12
2,1000,0.8077435831217759,0.8196175762835028,0.7975859925044568,0.7932798376171749,0.7914434111131486,0.7630535011018142,0.7949792526760364,0.8067415194136885,0.8065666661854523,0.799967082994805,0.806584050786359,12
3,1000,0.42390165769143934,0.5637015166350627,0.4209718504442912,0.4268752813988072,0.42688213645325823,0.4275742072930393,0.4269107872380153,0.4251222008672585,0.4251204198325373,0.4261347515741224,0.42518009667448486,12
4,1000,0.33952875909464353,0.5627432746315166,0.3385501328771749,0.3400527857901155,0.3399547158669397,0.3400142346021283,0.3400481670844683,0.3397889234381937,0.33945399686254984,0.3399891103513008,0.3398087779778918,12
2,500,0.07367464565708028,0.28938569373463086,0.14081661551275487,0.11217798904555353,0.11329036983942338,0.1358479661807821,0.13017027762016198,0.12714552460797462,0.12769576463663104,0.1384095394622255,0.13541710380279118,13
3,500,0.0736750785852839,0.28940520064122777,0.14151911698122355,0.11226181503310623,0.11338696575138998,0.13633148343898152,0.13049774653744392,0.1273987126655614,0.1279648153749338,0.13899374943003193,0.13588547385479302,13
4,500,0.07368489134540138,0.28953591982209287,0.1415719475009849,0.11229467393176988,0.11341959565535732,0.13638067776956722,0.13054293295921365,0.12744175344248102,0.12800705876629337,0.139044819464765,0.135934396515422,13
2,1000,0.1081232801079227,0.5114420612181659,0.23899711503761675,0.18262388066274268,0.1848108645779643,0.2292270483286436,0.21804955835906392,0.21209151105694116,0.21317544541771874,0.2342656558935146,0.22837923677430141,13
3,1000,0.10812409522426573,0.5114742630976562,0.24037731321709271,0.18278865717595416,0.1850008134245242,0.2301783701935574,0.21869449811579278,0.21259027734317493,0.21370544528172913,0.23541431643016414,0.2293008486085195,13
4,1000,0.1081425708734718,0.5116900252618198,0.24048109583230984,0.1828532491332187,0.1850649790660269,0.23027515416656658,0.21878348946221854,0.21267506468841418,0.21378865928164278,0.2355147200795574,0.22939710812079903,13
2,500,0.2540525559186668,0.3278969813273015,0.3099832139372997,0.30021341906728577,0.30095320061310965,0.3118940235881926,0.30323356828001713,0.31318857679755985,0.3132398716343816,0.3148041360414988,0.3134865448964768,14
3,500,0.25653164651226,0.33312494583023256,0.33011026746326666,0.3046657243930233,0.3056552555711781,0.3203653293424713,0.3085964061755423,0.32100374612843813,0.32138543528659735,0.32668450672737603,0.3220606062422192,14
4,500,0.2516918540975784,0.3321485503491154,0.3270464021404784,0.30020402063764695,0.30111429061991035,0.3162821793864192,0.30415841337630256,0.3170533429134278,0.3172241306175889,0.3230696171113693,0.3181372623549117,14
2,1000,0.451355969927089,0.5728476811247414,0.5448287429363178,0.5291471955667925,0.5303444210078218,0.5478629160390849,0.5340247799079141,0.549912394438551,0.5499934998241588,0.552463105105039,0.5503834209500963,14
3,1000,0.45568386048542525,0.5808437065135236,0.5762428781007456,0.536328391124613,0.5379165253899826,0.5611840097931983,0.5426198743631973,0.5621792584082941,0.5627737046057832,0.570981497345451,0.5638241560327656,14
4,1000,0.44721951810721894,0.5793565849611634,0.5715389717201633,0.5291319753322976,0.5306049089284148,0.5547899113344594,0.5355130740344418,0.5560013352394932,0.5562693870023545,0.5653914654855392,0.5577010764009973,14
2,500,0.2521209057566085,0.27263214695852717,0.26010951454679876,0.25779338576713917,0.25681757298844615,0.2425527388324286,0.2587027023643955,0.2651708052387973,0.265072325288054,0.2614075202891,0.2650821132910158,15
3,500,0.2553401771968917,0.343018980929233,0.2520006281215571,0.25554283417794976,0.2555469565553978,0.2559632530359479,0.25556418631513955,0.254489298761871,0.25448822913710595,0.25509763303040556,0.25452406966392915,15
4,500,0.2055503551951127,0.3437130173272883,0.20475394158821528,0.20561202580610288,0.20555600279587513,0.2055900028738526,0.2056093872792193,0.20546129945684877,0.2052700089911606,0.20557565051605317,0.2054726402604933,15
2,1000,0.4479724087234328,0.4833850602458899,0.4619008206797504,0.4578802198276386,0.4561819591867102,0.4310675778390038,0.45946044394923263,0.47063605679886444,0.47046675914077507,0.4641476937769427,0.47048358696492765,15
3,1000,0.4536058974838541,0.5957506316601812,0.44776139735035386,0.45395960671404034,0.4539668006021277,0.4546930377544521,0.4539968674588825,0.4521196098097731,0.4521177402050861,0.4531824262598463,0.45218038445108466,15
4,1000,0.36355481350670305,0.596785184772483,0.36206699644826185,0.36366996638268334,0.3635653591856981,0.3636288455636063,0.3636650398282609,0.3633885120088737,0.3630312410937002,0.3636020465399533,0.363409690622242,15
2,500,0.11132617801678255,0.2921376001502465,0.1419478843975586,0.11299205753791455,0.11411659779429215,0.13692372719129928,0.13118279891405424,0.12812445487087773,0.12868079982065486,0.139513900408294,0.13648805810423026,16
3,500,0.11094593987187619,0.2906324196472999,0.14202693603379915,0.11262515844001292,0.11375579148019951,0.13681346294443028,0.13095075665864597,0.1278363797417781,0.1284052825155791,0.13948898155570677,0.13636523497123154,16
4,500,0.11099596573770211,0.2908246069507443,0.14210522638048179,0.11267620275130305,0.11380687778827867,0.136886815856878,0.13101864305994498,0.12790134782834106,0.12846958805387512,0.13956487762514802,0.13643820470570703,16
2,1000,0.1809497580153488,0.5159740623598963,0.24121954924975259,0.18422429203320825,0.18643576440453924,0.23134346269672265,0.22004360613110724,0.21401991323767192,0.2151158104680156,0.2364368626893232,0.23048640821115593,16
3,1000,0.18020262051678768,0.5134979468553522,0.24137481841018688,0.18350293532545373,0.185726135006445,0.23112655794441372,0.2195866465548231,0.2134524424647406,0.2145730973837707,0.23638787918851237,0.2302447724261811,16
4,1000,0.18030091112721783,0.5138144708151855,0.24152858810555802,0.18360328777630047,0.18582660626704883,0.2312708537480111,0.21972033628933987,0.21358042205357017,0.21469976719326306,0.2365370685155492,0.23038833010752896,16
2,500,0.4504026517222448,0.4719565927033524,0.447112624132906,0.43338519955284494,0.43442895925533825,0.44978297519404276,0.437641927371448,0.4515893839343828,0.4516609148561201,0.45384062167956984,0.45200485355960424,17
3,500,0.38905574052525366,0.40583679973300457,0.40221233265785766,0.37143213296284594,0.37263529637005544,0.3904632879082755,0.3762085605358063,0.39123452164000216,0.39169551678343184,0.3980877456098893,0.3925107867769163,17
4,500,0.38191686957538273,0.402172193203788,0.3960653775653088,0.3637254394481588,0.36482777982723646,0.3831386095867737,0.36851142460522784,0.3840666086528462,0.38427209093098985,0.3912963768922556,0.3853704773548319,17
2,1000,0.7383162785009136,0.7627016593997797,0.7344708883435932,0.7180722138908172,0.7193391863018977,0.7375945016295067,0.7232184674894773,0.7396953019700823,0.7397782873812967,0.7422996288937309,0.7401770863377581,17
3,1000,0.661191144493865,0.6834310482306787,0.6787006319326323,0.6369051394218825,0.6385934148018311,0.6630897362114778,0.6435812715416837,0.6641274501219476,0.6647468594233228,0.673268519678008,0.6658406895349123,17
4,1000,0.6514682250118571,0.6786480192053982,0.6705859921537323,0.6259860544792399,0.6275590192924914,0.6531432799213569,0.6327883728079514,0.6544125458803034,0.6546932361460618,0.6642105988707039,0.6561914442254234,17
2,500,0.5477311663102308,0.5613823906616598,0.5378301277298434,0.5333936770598711,0.5315170826205459,0.5035831682430424,0.5351384110487492,0.5474377726864508,0.5472519746185764,0.5403054836845171,0.5472704432734924,18
3,500,0.24516157107590142,0.3319068105578173,0.2440096098866484,0.24742357934048487,0.24742755274094996,0.24782880803124324,0.24744415984784549,0.24640813742722276,0.2464071064981068,0.24699447077483117,0.2464416504502213,18
4,500,0.19741017231280625,0.32992741928909597,0.19702879301166956,0.19784698088425542,0.19779356212184737,0.1978259816863816,0.19784446500849892,0.19770326126549698,0.1975208639762824,0.19781229650299492,0.19771407485711434,18
2,1000,0.8375382111612723,0.8492662692776053,0.8287031201613027,0.8246538202767398,0.8229240565724822,0.7959742875909382,0.8262530035650694,0.8372803971769458,0.8371170049572325,0.8309380716076135,0.8371332507969582,18
3,1000,0.43570048359296354,0.5789879539988828,0.4336569380273493,0.43970318356814586,0.43971020288937057,0.4404188388880662,0.43973954018952977,0.43790797425750294,0.4379061503009142,0.43894488698956136,0.4379672651850217,18
4,1000,0.34828476717476253,0.5759629457726184,0.3475659829191291,0.3491076564282935,0.34900704339134947,0.3490681056040296,0.34910291796317583,0.34883695056525943,0.34849333219456197,0.3490423298375236,0.34885732017548476,18
2,500,0.08699470905264332,0.2025283205676773,0.10544713384289463,0.08657507218712368,0.087313334380143,0.10218974184589526,0.09846012451778428,0.09646958924082896,0.09683189135898164,0.10386978234026496,0.10190700162046476,19
3,500,0.0858295594302051,0.19849230242860544,0.10424953269262979,0.08542771300320058,0.0861571542609192,0.10093070964603565,0.09719039831558499,0.09519951196525413,0.09556340636460094,0.10263470308422697,0.10064506836898646,19
4,500,0.08595489984594562,0.19891891607077328,0.10442345293734186,0.08555076982503895,0.08628150278948771,0.10109548711105941,0.09734497735743218,0.0953486764832246,0.095712793278981,0.10280417557826464,0.10080908725514634,19
2,1000,0.13351547857478213,0.357902037017391,0.16941188569183568,0.13270726457528637,0.13412944934707224,0.16303475125173508,0.15575058579849368,0.1518718176098881,0.15257730237330355,0.16632222884321632,0.16248184895166498,19
3,1000,0.1312725598549177,0.350322645630066,0.1670658040619661,0.1304998424787126,0.13190281920083238,0.16057353539301736,0.15327561999553846,0.14940053031643546,0.15010828911954993,0.16390509329358863,0.1600154578784672,19
4,1000,0.1315136682448075,0.3511253918346353,0.16740640822725056,0.1307364240310205,0.13214212805984127,0.16089552546337496,0.1535767842276888,0.14969061934419528,0.150398910383325,0.16423664852679212,0.16033589891112426,19
2,500,0.23138307529247562,0.2713939002737578,0.25675678407902325,0.2488016535614507,0.24940337653321798,0.2583148918890774,0.25125884161771117,0.2593709153074951,0.25941276580033046,0.26068927953790577,0.2596140294156464,20
3,500,0.20661093875098815,0.24308059050279898,0.24093605535058882,0.22293235821614352,0.22362945485349672,0.2340209372338791,0.22570281150567525,0.23447318373026765,0.23474361904747018,0.23850215704761993,0.2352220874268813,20
4,500,0.2067081930668776,0.24646958861266965,0.24277230913226513,0.2234319254705701,0.22408491500012237,0.23499477642429067,0.22627003860129227,0.23555096988932742,0.2356741691788162,0.23989540037768903,0.23633299165310703,20
2,1000,0.4110358493757479,0.48127998450040516,0.45607608015098605,0.44213517929455765,0.44319552387340827,0.4587867738962233,0.44645918264932083,0.4606202510607918,0.46069285014493444,0.46290497047614254,0.4610419208945831,20
3,1000,0.365534018398397,0.43200638400666835,0.42818778298676635,0.3956750494414505,0.39694866935133344,0.4157948807836579,0.4007299026449915,0.41660905211415145,0.4170956679115705,0.423839681662269,0.4179561659164078,20
4,1000,0.36571538750310095,0.4380166908833627,0.43145817993725016,0.3965878937243101,0.3977801854689178,0.4175474315493659,0.40176257057092934,0.41854730958983777,0.4187686820106148,0.4263305254047083,0.419951849579567,20
2,500,0.25732693098496906,0.2896294970252543,0.27624865709786595,0.27377224175843096,0.27272875778199834,0.2574655514097334,0.2747445433759344,0.2816585476755191,0.28155330697826186,0.2776362833181213,0.28156376697707536,21
3,500,0.24202679947116887,0.3242937542202706,0.2385548939595792,0.2418807302843084,0.2418846012748952,0.24227551666677555,0.2419007803566964,0.24089147291375246,0.2408904685813376,0.2414626837846589,0.24092412135614383,21
4,500,0.19529123509086951,0.32566238510904155,0.19464972564733773,0.19545559567066242,0.1954029809887808,0.19543491255872916,0.19545311766442675,0.1953140394219864,0.1951343879126388,0.1954214333702912,0.19532469023473562,21
2,1000,0.4570687426435255,0.5118444515157636,0.48950875654576254,0.4853194904424828,0.48354912325939037,0.45730995756573334,0.4869663493625349,0.4986004103901521,0.4984243368113723,0.4918486257352665,0.4984418383822985,21
3,1000,0.43013145957988785,0.567288843599216,0.42393405467400497,0.4298713452262787,0.42987823924330043,0.4305742393910373,0.42990705286363845,0.4281082734374556,0.42810648222470327,0.4291266015243612,0.4281665000699872,21
4,1000,0.34428750602801267,0.569404869044204,0.3430755612737543,0.34459788554253773,0.3444985335214226,0.3445588303922392,0.3445932064606202,0.3443305730832224,0.3439912646656525,0.34453337768311243,0.3443506872904967,21
2,500,0.13689782918123364,0.29090587338533413,0.14144139975973355,0.11262761389700587,0.11374670902290693,0.13644209779696997,0.1307294875091061,0.1276861853527403,0.12823979654042136,0.1390194645071826,0.13600858107570962,22
3,500,0.1345641129326718,0.28375062757999314,0.13918209558789152,0.11058911717128636,0.11168906283404788,0.13411329703423217,0.1284127763021233,0.1253842928911597,0.1259375205549328,0.13671461622967512,0.1336774892014431,22
4,500,0.1346518595953061,0.2839784857677813,0.13927496004301326,0.11065076757342705,0.11175093249686767,0.13420051510096506,0.12849373192194133,0.12546190953875408,0.12601458415750916,0.13680474066984996,0.13376426213681256,22
2,1000,0.23129251832581382,0.5139482809994782,0.24022463871295513,0.1835077626825062,0.18570827273276377,0.23039598914628476,0.21915088994452817,0.21315657515259717,0.21424711855857018,0.2354648724377652,0.22954307051592496,22
3,1000,0.22670056653444695,0.5020940435239796,0.2357845974506841,0.17950159240791758,0.18166289712305111,0.2258132509558339,0.2145878587626862,0.208621878850929,0.20971175138640177,0.23093210801102945,0.22495540167101225,22
4,1000,0.22687326408995384,0.5024737990289944,0.23596715776518945,0.17962270621083026,0.18178449250879103,0.2259849234934382,0.21474732592025467,0.2087747858156786,0.20986356816958893,0.23110939979290537,0.2251262121194264,22
2,500,0.4651192642774941,0.48311548800626314,0.4578421893662532,0.44385997883603584,0.44492353625772496,0.4605606781355917,0.4481970113481808,0.46239938323954544,0.4624721885889924,0.46469056669263664,0.462822250311946,23
3,500,0.33651129068445773,0.34500801161022887,0.3418872257389836,0.3155233409807927,0.3165493906784694,0.33179512990669197,0.3195987292829841,0.3324564816902469,0.33285187025806623,0.33834014360964354,0.33355125081202924,23
4,500,0.3335519046480778,0.34481819657067425,0.3395234267691155,0.3116377834492549,0.31258422046038764,0.32834674319453727,0.3157489040888056,0.3291477249298135,0.32932511085821137,0.3353952098028067,0.33027348641221244,23
2,1000,0.7551173196294744,0.7747797874484496,0.7468910681618474,0.7306369842211896,0.7318941292086211,0.7499827718197181,0.7357419395160495,0.7520613042590394,0.752143396636751,0.7546371163739918,0.7525378897212657,23
3,1000,0.5859790773814607,0.598711638147141,0.5940604681512908,0.5535961226817319,0.5552098749287427,0.5788175918268252,0.5599873246481979,0.5798258969987986,0.5804280818949803,0.5887381190493762,0.5814920989115517,23
4,1000,0.5814930929485281,0.5984295846756069,0.5905178530441206,0.5474566596939385,0.5489562226093826,0.5735388109499291,0.5539511526099419,0.5747681402784601,0.5750401275241873,0.5842903714365408,0.5764926740092784,23
2,500,0.5013396491166457,0.5136526155315835,0.49126642112182356,0.4870670653927625,0.48529237709579265,0.4589852846258833,0.4887179134819516,0.5003793077740489,0.50020283171849,0.4936118422370079,0.5002203733108299,24
3,500,0.24271764255447326,0.32774791806739256,0.2410278220147711,0.24439367223904016,0.2443975897276274,0.24479319985548095,0.24441396314924319,0.2433925262549164,0.24339150984692673,0.24397060316900354,0.24342556723895264,24
4,500,0.1958274777269561,0.32682103701733567,0.19529553574966244,0.1961047508617569,0.19605191781896406,0.19608398191161555,0.1961022625714438,0.19596260711579228,0.1957822099484865,0.1960704467819598,0.19597330213366623,24
2,1000,0.7937112971474,0.8059498974251857,0.7833683145697516,0.7789680882868619,0.7770928146861068,0.7481938065944349,0.7807041262645027,0.7927381091475202,0.792558977905071,0.7858032423012458,0.7925767875138217,24
3,1000,0.43136094305348016,0.5726184879349827,0.42835142617810745,0.4343386354847153,0.43434558692490116,0.43504737787217196,0.43437464053237207,0.4325608370990962,0.43255903088298886,0.4335876810967291,0.43261955139697916,24
4,1000,0.34529995078096065,0.5711918588019365,0.34429562810434433,0.34582322650965797,0.34572353075725615,0.3457840362469918,0.34581853124087103,0.34555498906948057,0.3452145058489386,0.3457584954779709,0.3455751728947001,24
2,500,0.08286705855045348,0.23243903255995357,0.11759239276066173,0.09540690371022523,0.09627210083190449,0.11375422208889793,0.10936366171421281,0.10702229591083512,0.10744834880535203,0.11573341808710602,0.11342122011349963,25
3,500,0.08250336825668521,0.23086966480533855,0.11748719230013834,0.0950051415205315,0.09587339519225063,0.11351265245847958,0.10903804985371125,0.10665853421211315,0.1070933412242438,0.11555284866403746,0.11317075265299681,25
4,500,0.08260882015646627,0.23133568085833842,0.11767667776748421,0.09513796895484501,0.09600760941842755,0.11369194354045224,0.10920597429205937,0.10682042391605617,0.10725541731545142,0.11573737533547043,0.11334920005224876,25
2,1000,0.12558654247131862,0.4129429991405609,0.19327537236669315,0.14980386840400103,0.1514873593710753,0.18572304851476146,0.17709478854600222,0.17250000033043375,0.17333571782695892,0.18961659030767214,0.18506817352711005,25
3,1000,0.1248902553891028,0.4101075909803867,0.19306828091655373,0.14902258862000176,0.1507113947365914,0.18524797582750846,0.17645549594009838,0.17178661309654863,0.1726393456536187,0.18926128255261973,0.18457565413113372,25
4,1000,0.1250921026210336,0.41095018633836,0.1934412939680191,0.14928085600746566,0.1509725720061022,0.1856005676802298,0.17678518023952178,0.17210408470829902,0.17295725378857355,0.18962437719252476,0.18492654923053944,25
2,500,0.2482502684769038,0.29631828964886797,0.2802055462325952,0.2714361347687024,0.27209973768366436,0.2819221556345911,0.2741457220086082,0.28308541726600933,0.28313151449348617,0.28453744534749104,0.2833531977637713,26
3,500,0.2304879465697457,0.2766495189596468,0.2741684185340982,0.2533044797340823,0.25411341452810654,0.26616185149007277,0.2565189140029318,0.2666857602825392,0.26699902984565027,0.2713514290118537,0.2675532487427712,26
4,500,0.23368699518419334,0.28434767373579833,0.2800094385676951,0.2572667185420211,0.25803585421328123,0.27087337801748734,0.2606090273167752,0.27152717104422064,0.2716719799176177,0.2766315989027338,0.2724463056370008,26
2,1000,0.441162704170314,0.5228171836866323,0.49616668013455173,0.48135185542153125,0.4824804639018589,0.49904130321816054,0.4859523945220102,0.5009845371767235,0.5010614635197467,0.5034047513466697,0.501431320645301,26
3,1000,0.4094170145691397,0.4901852619282045,0.4859908437430011,0.4500467854894208,0.45146241103560875,0.4723382892651367,0.4556616746882855,0.473237069631549,0.47377413129246515,0.4812077056639097,0.47472360783794065,26
4,1000,0.4151933633936714,0.5030887849017683,0.4958377478988421,0.45696395019826097,0.4583018032396933,0.48039379834992374,0.4627660284571641,0.48150675600299514,0.48175310451144693,0.49015502920183557,0.48306939414237116,26
2,500,0.26681762643350515,0.2971560728536228,0.2834009594883482,0.28085451618834345,0.2797814557389746,0.2640811381121527,0.28185434004157794,0.2889630166598741,0.2888548266163439,0.28482772341924534,0.2888655797735977,27
3,500,0.23347356379522266,0.3122244719341997,0.2299388605922532,0.2331245612967369,0.23312826941501524,0.2335027398351005,0.23314376776630874,0.23217694497250596,0.2321759829338024,0.23272410737228888,0.23220821856753898,27
4,500,0.2010797621845755,0.33593061886835085,0.2003860579950671,0.20122160427393848,0.20116705241784347,0.20120015965465785,0.20121903503330582,0.20107483607148446,0.20088856944374095,0.20118618418742237,0.2010858790490654,27
2,1000,0.47346317068521,0.5241824023989796,0.5015109881475912,0.4972544235036229,0.49545521446547464,0.4687613205374074,0.4989278983026939,0.5107440398236733,0.5105652890390202,0.5038878604780281,0.5105830568309873,27
3,1000,0.41480877185478504,0.5483865388940143,0.40842302073826664,0.4141796444799998,0.41418633049014564,0.41486135215380476,0.41421427478819856,0.4124699037456366,0.4124681668522079,0.4134573955792648,0.41252636478087207,27
4,1000,0.35518563107590195,0.5851009510593458,0.3538832115330892,0.3554518141404722,0.3553494462489052,0.35541157352900765,0.3554469930369891,0.3551763859016206,0.3548267694341374,0.35538534818933476,0.35519711094457085,27
2,500,0.12622007264710652,0.28892890332658994,0.14062894392960495,0.11204291882699222,0.11315328335107672,0.1356695002078211,0.1300022990723358,0.12698311649001995,0.12753234414248615,0.1382263304314697,0.1352394349718633,28
3,500,0.12499526064310049,0.2848539769635787,0.13963775255838687,0.11091532322007247,0.11202017992619666,0.13454579511053963,0.1288193144565878,0.1257770834317384,0.12633281992640247,0.1371589916046658,0.13410799919847355,28
4,500,0.1251236530420935,0.2852190069501376,0.13978731027032035,0.11101752525381811,0.11212320877811091,0.13468681862870563,0.12895083859697096,0.1259035542358902,0.12645904462271235,0.1373044026165697,0.13424832987583185,28
2,1000,0.21026838352307842,0.5106876816596724,0.2386283448354477,0.18235838368389853,0.18454130394724233,0.22887588922664015,0.21771872084405147,0.21177157336125807,0.21285352150444553,0.23390539565650836,0.22802961283724515,28
3,1000,0.2078554747931619,0.5039315423312744,0.23668031598410869,0.1801424659863931,0.1823136888464198,0.22666451414307928,0.21538865189653675,0.20939568667646405,0.21049049663972852,0.23180623979124865,0.22580282305867297,28
4,1000,0.2081084111431064,0.5045386920606827,0.23697428599526255,0.1803432717584786,0.182516201849621,0.226942067440284,0.2156477209118666,0.20964483703137396,0.21073915970598292,0.23209225689476182,0.22607903674912394,28
2,500,0.47262568501478197,0.4910890984550432,0.4655200440794483,0.4513611749575274,0.45243848570305273,0.4682718221270179,0.45575396793691386,0.470132844824547,0.47020653055502076,0.47245161268545066,0.47056082179098413,29
3,500,0.35735070619136367,0.36786024425546326,0.36454218702146673,0.33645987272006234,0.33755447926549964,0.3538030732951041,0.34080678372001605,0.3545072436515142,0.35492820352957377,0.3607692647524544,0.3556727648031972,29
4,500,0.37064528471239894,0.3842292739955807,0.3783653276455674,0.3473684950017584,0.3484235399495028,0.36596415983963937,0.3519498911550335,0.36685391599742734,0.36705094088332046,0.3737884359453626,0.3681041841124897,29
2,1000,0.7634363369477912,0.7831835644085829,0.7555657521288998,0.7394304457930932,0.740679376180731,0.7586317081721943,0.7445010448678078,0.7606923481380523,0.7607737241656805,0.7632453306180443,0.7611647645503541,29
3,1000,0.6168169324982097,0.6318669684913456,0.6271518543173934,0.5859013611903221,0.587554089894275,0.6116604694657957,0.5924433141230826,0.6126870288830986,0.613299994330098,0.6217494607802865,0.6143828375103821,29
4,1000,0.6357986390541593,0.6546347585828913,0.6465729330451465,0.6022100318307116,0.6037682047617037,0.629176667131536,0.6089516291295759,0.6304404868559788,0.6307200157536402,0.6402073363647164,0.6322122894272995,29
2,500,0.5212470599049481,0.5337438957846908,0.5108268589414021,0.5065206847163346,0.5047001819022029,0.4776683306638778,0.5082137926231628,0.5201637661245344,0.5199830540337051,0.513230960788309,0.5200010168669369,30
3,500,0.23171536922348376,0.31205774468767705,0.22982009801517472,0.23300385956073863,0.23300756542493314,0.23338180824994376,0.2330230543551967,0.2320568195079428,0.2320558580545196,0.23260364910595047,0.23208807407716103,30
4,500,0.1972145691714888,0.3295772552124533,0.1968332794690757,0.19765045557140046,0.19759710285450124,0.19762948233616276,0.1976479428061664,0.197506913647538,0.197324741891922,0.19761581407277487,0.1975177138688068,30
2,1000,0.8132784644199663,0.8249755208563896,0.8031803234353619,0.798915013236792,0.7970954967706209,0.7689302670219406,0.8005985099581618,0.8122433108104591,0.8120702990933045,0.8055381008165066,0.8120875007351394,30
3,1000,0.4116362980870474,0.5481223861387491,0.4082079310911486,0.4139619917107823,0.41396867476803273,0.414643398595195,0.4139966067250134,0.41225300792560987,0.41225127180300974,0.4132400621232529,0.41230944390564317,30
4,1000,0.3479161513893301,0.5754265796435571,0.34719738516903315,0.3487374768331921,0.34863696688385615,0.3486979665300478,0.34873274322262,0.3484670483808029,0.3481237823535093,0.3486722171733734,0.34848739711172727,30
