Ordinal Composite Type,True Settings,True Correlation,True Model,Component Prev Type,WH-Empirical,D1-Gaus-HC,C1-Gaus-HC,D1-Clay-HC,D1-Fran-HC,D1-Gaus-LC,C1-Gaus-LC,D1-Clay-LC,D1-Fran-LC,CD-0,Naive
Summation,C1-Gaussian-HC,HC,C1-Gaussian,High,28,29.7,29.6,27.9,29.8,30.6,30.6,30.2,30.6,30,31.5
Summation,C1-Gaussian-LC,LC,C1-Gaussian,High,51.4,49.9,49.7,47,50.1,51.3,51.2,50.6,51.2,50.3,52.6
Summation,D1-Clayton-HC,HC,D1-Clayton,High,25.2,25.8,25.7,24.3,25.9,26.5,26.5,26.1,26.5,26,27.3
Summation,D1-Clayton-LC,LC,D1-Clayton,High,54.8,53.3,53.2,50.4,53.5,54.7,54.7,54,54.7,53.8,56.1
Summation,D1-Frank-HC,HC,D1-Frank,High,25.7,27.4,27.3,25.7,27.5,28.2,28.2,27.8,28.2,27.6,29
Summation,D1-Frank-LC,LC,D1-Frank,High,50.1,48.7,48.5,45.9,48.9,50,50,49.4,50,49.1,51.4
Summation,D1-Gaussian-HC,HC,D1-Gaussian,High,27.9,29.7,29.6,27.9,29.8,30.6,30.6,30.1,30.6,30,31.4
Summation,D1-Gaussian-LC,LC,D1-Gaussian,High,51.5,50.1,49.9,47.2,50.3,51.4,51.4,50.8,51.4,50.5,52.8
Summation,D2-HC,HC,D2,High,26.7,28.1,28,26.4,28.2,28.9,28.9,28.5,28.9,28.3,29.7
Summation,D2-LC,LC,D2,High,52.1,50.7,50.5,47.8,50.8,52,52,51.3,52,51.1,53.4
Summation,C1-Gaussian-HC,HC,C1-Gaussian,Low,8.3,10.1,10.2,12.1,11.6,11.3,11.4,12.3,12,12.5,25.1
Summation,C1-Gaussian-LC,LC,C1-Gaussian,Low,12.9,11.1,11.2,13.4,12.8,12.5,12.6,13.6,13.4,13.9,28.5
Summation,D1-Clayton-HC,HC,D1-Clayton,Low,7.4,11.2,11.3,13.6,13,12.7,12.8,13.8,13.5,14.1,28.9
Summation,D1-Clayton-LC,LC,D1-Clayton,Low,11.1,11.3,11.4,13.7,13.1,12.8,12.9,14,13.6,14.2,29.2
Summation,D1-Frank-HC,HC,D1-Frank,Low,8.7,8.7,8.7,10.2,9.8,9.6,9.7,10.4,10.2,10.5,20.3
Summation,D1-Frank-LC,LC,D1-Frank,Low,13.7,11.3,11.4,13.6,13.1,12.8,12.8,13.9,13.6,14.1,29.1
Summation,D1-Gaussian-HC,HC,D1-Gaussian,Low,8.4,10.1,10.2,12.1,11.6,11.3,11.4,12.3,12,12.5,25
Summation,D1-Gaussian-LC,LC,D1-Gaussian,Low,12.9,11.1,11.2,13.4,12.8,12.5,12.6,13.6,13.3,13.9,28.4
Summation,D2-HC,HC,D2,Low,8.3,9.5,9.6,11.4,10.9,10.7,10.7,11.6,11.3,11.8,23.2
Summation,D2-LC,LC,D2,Low,12.6,11.2,11.3,13.6,13,12.7,12.8,13.8,13.5,14.1,28.9
Summation,C1-Gaussian-HC,HC,C1-Gaussian,Moderate,25.6,27.9,27.9,29,28.2,29.1,29.1,29.2,29.1,28.8,30.4
Summation,C1-Gaussian-LC,LC,C1-Gaussian,Moderate,47.7,45.6,45.7,47.3,46,47.4,47.5,47.7,47.5,47,49.6
Summation,D1-Clayton-HC,HC,D1-Clayton,Moderate,25.4,30,30.1,31.2,30.3,31.3,31.3,31.5,31.3,31,32.8
Summation,D1-Clayton-LC,LC,D1-Clayton,Moderate,45,43.3,43.4,45,43.8,45.2,45.2,45.4,45.2,44.7,47.2
Summation,D1-Frank-HC,HC,D1-Frank,Moderate,23.1,24.9,24.9,25.8,25.1,25.9,25.9,26.1,26,25.7,27.1
Summation,D1-Frank-LC,LC,D1-Frank,Moderate,46.5,44.4,44.5,46.1,44.8,46.2,46.2,46.5,46.3,45.8,48.3
Summation,D1-Gaussian-HC,HC,D1-Gaussian,Moderate,25.8,27.9,28,29,28.2,29.1,29.2,29.3,29.2,28.9,30.5
Summation,D1-Gaussian-LC,LC,D1-Gaussian,Moderate,47.7,45.5,45.7,47.2,46,47.4,47.4,47.7,47.5,47,49.5
Summation,D2-HC,HC,D2,Moderate,24.8,27.1,27.2,28.2,27.4,28.3,28.3,28.5,28.3,28,29.6
Summation,D2-LC,LC,D2,Moderate,47.3,45.1,45.2,46.8,45.6,47,47,47.2,47.1,46.6,49.1
Rank 1,C1-Gaussian-HC,HC,C1-Gaussian,High,23,23,23,23,23,22.9,22.9,23,22.9,22.7,30.8
Rank 1,C1-Gaussian-LC,LC,C1-Gaussian,High,23.9,24,24,24.1,24,23.9,23.9,24,23.9,23.7,32.2
Rank 1,D1-Clayton-HC,HC,D1-Clayton,High,25.5,25.6,25.6,25.6,25.6,25.4,25.4,25.5,25.5,25.2,34.3
Rank 1,D1-Clayton-LC,LC,D1-Clayton,High,24.5,24.7,24.7,24.8,24.7,24.6,24.6,24.7,24.6,24.4,33.2
Rank 1,D1-Frank-HC,HC,D1-Frank,High,24.2,24.2,24.2,24.2,24.2,24.1,24.1,24.1,24.1,23.9,32.4
Rank 1,D1-Frank-LC,LC,D1-Frank,High,24.3,24.4,24.4,24.5,24.4,24.3,24.3,24.4,24.3,24.1,32.8
Rank 1,D1-Gaussian-HC,HC,D1-Gaussian,High,23,23,23,23,23,22.9,22.9,23,22.9,22.7,30.8
Rank 1,D1-Gaussian-LC,LC,D1-Gaussian,High,23.9,24,24,24.1,24,23.9,23.9,24,23.9,23.7,32.2
Rank 1,D2-HC,HC,D2,High,23.3,23.3,23.3,23.4,23.3,23.2,23.2,23.3,23.2,23,31.2
Rank 1,D2-LC,LC,D2,High,23.2,23.3,23.3,23.3,23.3,23.2,23.2,23.3,23.2,23,31.2
Rank 1,C1-Gaussian-HC,HC,C1-Gaussian,Low,8.3,10,10.1,12.1,11.6,11.3,11.4,12.3,12,12.5,25
Rank 1,C1-Gaussian-LC,LC,C1-Gaussian,Low,12.7,10.9,11,13.2,12.7,12.4,12.4,13.5,13.2,13.7,27.9
Rank 1,D1-Clayton-HC,HC,D1-Clayton,Low,7.4,11.2,11.3,13.6,13,12.7,12.8,13.9,13.6,14.2,28.9
Rank 1,D1-Clayton-LC,LC,D1-Clayton,Low,11.1,11.3,11.4,13.7,13.1,12.8,12.8,13.9,13.6,14.2,29.1
Rank 1,D1-Frank-HC,HC,D1-Frank,Low,8.6,8.5,8.6,10.1,9.7,9.5,9.6,10.3,10.1,10.4,19.8
Rank 1,D1-Frank-LC,LC,D1-Frank,Low,13.5,11.1,11.2,13.4,12.8,12.5,12.6,13.7,13.4,13.9,28.4
Rank 1,D1-Gaussian-HC,HC,D1-Gaussian,Low,8.3,10,10.1,12.1,11.6,11.3,11.4,12.3,12,12.5,24.9
Rank 1,D1-Gaussian-LC,LC,D1-Gaussian,Low,12.7,10.9,11,13.2,12.7,12.4,12.4,13.5,13.2,13.7,27.9
Rank 1,D2-HC,HC,D2,Low,8.3,9.5,9.6,11.4,10.9,10.7,10.7,11.6,11.3,11.7,23.1
Rank 1,D2-LC,LC,D2,Low,12.5,11.1,11.2,13.5,12.9,12.6,12.6,13.7,13.4,14,28.5
Rank 1,C1-Gaussian-HC,HC,C1-Gaussian,Moderate,24.3,26.6,26.6,27.9,26.9,28,28,28.5,28.1,28.8,29
Rank 1,C1-Gaussian-LC,LC,C1-Gaussian,Moderate,36,33.8,33.9,35.5,34.2,35.6,35.6,36.2,35.7,36.6,36.9
Rank 1,D1-Clayton-HC,HC,D1-Clayton,Moderate,25.7,30.5,30.6,32,30.9,32.1,32.1,32.7,32.2,33,33.3
Rank 1,D1-Clayton-LC,LC,D1-Clayton,Moderate,38.9,37.1,37.3,39,37.6,39.1,39.2,39.8,39.3,40.2,40.6
Rank 1,D1-Frank-HC,HC,D1-Frank,Moderate,20.7,22.3,22.4,23.4,22.6,23.4,23.5,23.9,23.5,24.1,24.3
Rank 1,D1-Frank-LC,LC,D1-Frank,Moderate,33.7,31.6,31.7,33.2,32,33.2,33.3,33.8,33.4,34.2,34.5
Rank 1,D1-Gaussian-HC,HC,D1-Gaussian,Moderate,24.4,26.6,26.7,27.9,26.9,28,28,28.5,28.1,28.8,29
Rank 1,D1-Gaussian-LC,LC,D1-Gaussian,Moderate,35.9,33.7,33.8,35.5,34.2,35.5,35.6,36.2,35.7,36.6,36.9
Rank 1,D2-HC,HC,D2,Moderate,23,25.3,25.4,26.6,25.7,26.7,26.7,27.1,26.8,27.4,27.7
Rank 1,D2-LC,LC,D2,Moderate,35.7,33.6,33.8,35.4,34.1,35.5,35.5,36.1,35.6,36.5,36.8
Rank 2,C1-Gaussian-HC,HC,C1-Gaussian,High,18.6,18.6,18.6,18.6,18.6,18.6,18.6,18.6,18.6,18.5,30.9
Rank 2,C1-Gaussian-LC,LC,C1-Gaussian,High,19.3,19.3,19.3,19.3,19.3,19.3,19.3,19.3,19.3,19.3,32.2
Rank 2,D1-Clayton-HC,HC,D1-Clayton,High,20.6,20.6,20.6,20.6,20.6,20.5,20.5,20.6,20.5,20.5,34.4
Rank 2,D1-Clayton-LC,LC,D1-Clayton,High,19.7,19.8,19.8,19.8,19.8,19.8,19.8,19.8,19.8,19.7,33
Rank 2,D1-Frank-HC,HC,D1-Frank,High,19.5,19.5,19.5,19.5,19.5,19.5,19.5,19.5,19.5,19.5,32.6
Rank 2,D1-Frank-LC,LC,D1-Frank,High,19.6,19.6,19.6,19.6,19.6,19.6,19.6,19.6,19.6,19.5,32.7
Rank 2,D1-Gaussian-HC,HC,D1-Gaussian,High,18.6,18.6,18.6,18.6,18.6,18.6,18.6,18.6,18.6,18.6,30.9
Rank 2,D1-Gaussian-LC,LC,D1-Gaussian,High,19.3,19.3,19.3,19.3,19.3,19.3,19.3,19.3,19.3,19.2,32.1
Rank 2,D2-HC,HC,D2,High,20.1,20.1,20.1,20.1,20.1,20.1,20.1,20.1,20.1,20,33.6
Rank 2,D2-LC,LC,D2,High,19.7,19.8,19.8,19.8,19.8,19.8,19.7,19.8,19.8,19.7,33
Rank 2,C1-Gaussian-HC,HC,C1-Gaussian,Low,8.3,10.1,10.2,12.1,11.6,11.3,11.4,12.3,12.1,12.5,25
Rank 2,C1-Gaussian-LC,LC,C1-Gaussian,Low,12.8,10.9,11,13.2,12.7,12.4,12.4,13.5,13.2,13.7,28
Rank 2,D1-Clayton-HC,HC,D1-Clayton,Low,7.4,11.2,11.3,13.6,13.1,12.7,12.8,13.9,13.6,14.2,29
Rank 2,D1-Clayton-LC,LC,D1-Clayton,Low,11.1,11.3,11.4,13.7,13.1,12.8,12.8,14,13.6,14.2,29.1
Rank 2,D1-Frank-HC,HC,D1-Frank,Low,8.6,8.6,8.6,10.1,9.7,9.5,9.6,10.3,10.1,10.4,19.9
Rank 2,D1-Frank-LC,LC,D1-Frank,Low,13.5,11.1,11.2,13.4,12.8,12.5,12.6,13.7,13.4,13.9,28.4
Rank 2,D1-Gaussian-HC,HC,D1-Gaussian,Low,8.4,10.1,10.1,12.1,11.6,11.3,11.4,12.3,12,12.5,25
Rank 2,D1-Gaussian-LC,LC,D1-Gaussian,Low,12.7,10.9,11,13.2,12.7,12.4,12.4,13.5,13.2,13.7,27.9
Rank 2,D2-HC,HC,D2,Low,8.3,9.5,9.6,11.4,10.9,10.7,10.7,11.6,11.3,11.8,23.1
Rank 2,D2-LC,LC,D2,Low,12.5,11.1,11.2,13.5,12.9,12.6,12.6,13.7,13.4,14,28.5
Rank 2,C1-Gaussian-HC,HC,C1-Gaussian,Moderate,24,26.3,26.4,27.7,26.6,27.7,27.8,28.3,27.8,28.6,29.1
Rank 2,C1-Gaussian-LC,LC,C1-Gaussian,Moderate,35.9,33.6,33.7,35.4,34,35.5,35.5,36.1,35.6,36.6,37.2
Rank 2,D1-Clayton-HC,HC,D1-Clayton,Moderate,25.2,30,30.1,31.6,30.4,31.7,31.7,32.3,31.8,32.7,33.2
Rank 2,D1-Clayton-LC,LC,D1-Clayton,Moderate,38.2,36.4,36.5,38.3,36.9,38.4,38.4,39.1,38.5,39.6,40.2
Rank 2,D1-Frank-HC,HC,D1-Frank,Moderate,20.7,22.3,22.4,23.5,22.6,23.6,23.6,24,23.6,24.3,24.6
Rank 2,D1-Frank-LC,LC,D1-Frank,Moderate,33.4,31.2,31.3,32.8,31.6,32.9,32.9,33.5,33,34,34.5
Rank 2,D1-Gaussian-HC,HC,D1-Gaussian,Moderate,24.1,26.3,26.4,27.7,26.7,27.8,27.8,28.3,27.9,28.7,29.1
Rank 2,D1-Gaussian-LC,LC,D1-Gaussian,Moderate,35.5,33.2,33.3,35,33.6,35.1,35.1,35.7,35.2,36.2,36.7
Rank 2,D2-HC,HC,D2,Moderate,23.4,25.7,25.8,27.1,26.1,27.2,27.2,27.7,27.2,28,28.4
Rank 2,D2-LC,LC,D2,Moderate,37.1,34.7,34.8,36.6,35.2,36.7,36.7,37.4,36.8,37.8,38.4
